{"cameraMode":{"drawMode":0,"name":"Shaded","section":"Shading Mode"},"sceneLighting":true,"audioPlay":false,"sceneViewState":{"showFog":true,"showMaterialUpdate":true,"showSkybox":true,"showFlares":true,"showImageEffects":true,"showParticleSystems":true},"in2DMode":false,"pivot":{"x":0.3440895676612854,"y":1.1307908296585084,"z":0.6305958032608032},"rotation":{"x":-0.2796003222465515,"y":-0.3356621563434601,"z":0.10504969209432602,"w":-0.8933858871459961},"size":1.0063538551330567,"orthographic":false}