{"cameraMode":{"drawMode":0,"name":"Shaded","section":"Shading Mode"},"sceneLighting":true,"audioPlay":false,"sceneViewState":{"showFog":true,"showMaterialUpdate":true,"showSkybox":true,"showFlares":true,"showImageEffects":true,"showParticleSystems":true},"in2DMode":false,"pivot":{"x":0.02170644700527191,"y":1.2063132524490357,"z":0.28260844945907595},"rotation":{"x":-0.35159599781036379,"y":0.2847498655319214,"z":-0.11317809671163559,"w":-0.8846220374107361},"size":0.9638444781303406,"orthographic":false}