{"cameraMode":{"drawMode":0,"name":"Shaded","section":"Shading Mode"},"sceneLighting":true,"audioPlay":false,"sceneViewState":{"showFog":true,"showMaterialUpdate":true,"showSkybox":true,"showFlares":true,"showImageEffects":true,"showParticleSystems":true},"in2DMode":false,"pivot":{"x":0.4388848543167114,"y":1.0014936923980713,"z":0.486911416053772},"rotation":{"x":-0.13858036696910859,"y":-0.17666339874267579,"z":0.025131631642580034,"w":-0.9741484522819519},"size":1.6082239151000977,"orthographic":false}