{"cameraMode":{"drawMode":0,"name":"Shaded","section":"Shading Mode"},"sceneLighting":false,"audioPlay":false,"sceneViewState":{"showFog":true,"showMaterialUpdate":false,"showSkybox":true,"showFlares":true,"showImageEffects":true,"showParticleSystems":true},"in2DMode":false,"pivot":{"x":0.6143057346343994,"y":0.41460704803466799,"z":2.5904624462127687},"rotation":{"x":-0.5499069690704346,"y":-0.26807478070259097,"z":0.19037409126758576,"w":-0.7679636478424072},"size":0.9141260981559753,"orthographic":false}