{"cameraMode":{"drawMode":0,"name":"Shaded","section":"Shading Mode"},"sceneLighting":false,"audioPlay":false,"sceneViewState":{"showFog":true,"showMaterialUpdate":false,"showSkybox":true,"showFlares":true,"showImageEffects":true,"showParticleSystems":true},"in2DMode":false,"pivot":{"x":-0.13199341297149659,"y":-0.15473610162734986,"z":2.9193997383117677},"rotation":{"x":-0.21735554933547975,"y":0.38086315989494326,"z":-0.09260054677724838,"w":-0.8940104246139526},"size":0.8583559393882752,"orthographic":false}