{"cameraMode":{"drawMode":0,"name":"Shaded","section":"Shading Mode"},"sceneLighting":true,"audioPlay":false,"sceneViewState":{"showFog":true,"showMaterialUpdate":false,"showSkybox":true,"showFlares":true,"showImageEffects":true,"showParticleSystems":true},"in2DMode":false,"pivot":{"x":0.23781585693359376,"y":0.47574424743652346,"z":2.9448983669281008},"rotation":{"x":-0.04640217870473862,"y":0.0601862333714962,"z":-0.0027577297296375038,"w":-0.9971395134925842},"size":2.613588333129883,"orthographic":false}