{"cameraMode":{"drawMode":0,"name":"Shaded","section":"Shading Mode"},"sceneLighting":false,"audioPlay":false,"sceneViewState":{"showFog":true,"showMaterialUpdate":false,"showSkybox":false,"showFlares":true,"showImageEffects":true,"showParticleSystems":true},"in2DMode":false,"pivot":{"x":-0.9954978227615356,"y":-0.02995896339416504,"z":6.113961219787598},"rotation":{"x":0.1819537729024887,"y":-0.020460329949855806,"z":0.003860198426991701,"w":0.9831712245941162},"size":0.926703929901123,"orthographic":false}