{"cameraMode":{"drawMode":0,"name":"Shaded","section":"Shading Mode"},"sceneLighting":false,"audioPlay":false,"sceneViewState":{"showFog":true,"showMaterialUpdate":false,"showSkybox":true,"showFlares":true,"showImageEffects":true,"showParticleSystems":true},"in2DMode":false,"pivot":{"x":-0.30180805921554568,"y":-0.7734800577163696,"z":-96.69185638427735},"rotation":{"x":0.4734039604663849,"y":-0.5197228193283081,"z":0.4409123361110687,"w":0.5581136345863342},"size":4.528802394866943,"orthographic":false}