{"cameraMode":{"drawMode":0,"name":"Shaded","section":"Shading Mode"},"sceneLighting":false,"audioPlay":false,"sceneViewState":{"showFog":true,"showMaterialUpdate":false,"showSkybox":false,"showFlares":true,"showImageEffects":true,"showParticleSystems":true},"in2DMode":false,"pivot":{"x":-1.0000410079956055,"y":-0.03450247645378113,"z":6.116040229797363},"rotation":{"x":0.24172021448612214,"y":0.05401817336678505,"z":-0.013389809057116509,"w":0.9688353538513184},"size":2.126703977584839,"orthographic":false}