{"cameraMode":{"drawMode":0,"name":"Shaded","section":"Shading Mode"},"sceneLighting":false,"audioPlay":false,"sceneViewState":{"showFog":true,"showMaterialUpdate":false,"showSkybox":false,"showFlares":true,"showImageEffects":true,"showParticleSystems":true},"in2DMode":false,"pivot":{"x":-0.9954978227615356,"y":-0.030040979385375978,"z":6.086042404174805},"rotation":{"x":0.17750908434391023,"y":-0.024906648322939874,"z":0.004561057314276695,"w":0.9838778376579285},"size":0.926703929901123,"orthographic":false}