{"cameraMode":{"drawMode":0,"name":"Shaded","section":"Shading Mode"},"sceneLighting":false,"audioPlay":false,"sceneViewState":{"showFog":true,"showMaterialUpdate":false,"showSkybox":true,"showFlares":true,"showImageEffects":true,"showParticleSystems":true},"in2DMode":false,"pivot":{"x":1.8251007795333863,"y":7.0966081619262699,"z":-3.0995280742645265},"rotation":{"x":-0.13930703699588777,"y":-0.4010065197944641,"z":0.06182754784822464,"w":-0.903373122215271},"size":4.765807628631592,"orthographic":false}