{"cameraMode":{"drawMode":0,"name":"Shaded","section":"Shading Mode"},"sceneLighting":false,"audioPlay":false,"sceneViewState":{"showFog":true,"showMaterialUpdate":false,"showSkybox":true,"showFlares":true,"showImageEffects":true,"showParticleSystems":true},"in2DMode":false,"pivot":{"x":-0.7471903562545776,"y":-2.4993200302124025,"z":-102.20053100585938},"rotation":{"x":-0.33357998728752139,"y":0.15525923669338227,"z":-0.05580573529005051,"w":-0.9282389879226685},"size":6.2891082763671879,"orthographic":false}