{"cameraMode":{"drawMode":0,"name":"Shaded","section":"Shading Mode"},"sceneLighting":true,"audioPlay":false,"sceneViewState":{"showFog":true,"showMaterialUpdate":true,"showSkybox":true,"showFlares":true,"showImageEffects":true,"showParticleSystems":true},"in2DMode":false,"pivot":{"x":322.01812744140627,"y":47.51545715332031,"z":2.0925750732421877},"rotation":{"x":0.01799870654940605,"y":0.005101446062326431,"z":-0.00009153013525065035,"w":0.9998274445533752},"size":134.09857177734376,"orthographic":false}