{"cameraMode":{"drawMode":0,"name":"Shaded","section":"Shading Mode"},"sceneLighting":true,"audioPlay":false,"sceneViewState":{"showFog":true,"showMaterialUpdate":true,"showSkybox":true,"showFlares":true,"showImageEffects":true,"showParticleSystems":true},"in2DMode":false,"pivot":{"x":-0.005820274353027344,"y":2.3856074810028078,"z":-2.1430749893188478},"rotation":{"x":-0.22332210838794709,"y":0.3606712222099304,"z":-0.08963435143232346,"w":-0.9012311100959778},"size":7.387927055358887,"orthographic":false}