{"cameraMode":{"drawMode":0,"name":"Shaded","section":"Shading Mode"},"sceneLighting":false,"audioPlay":false,"sceneViewState":{"showFog":true,"showMaterialUpdate":false,"showSkybox":true,"showFlares":true,"showImageEffects":true,"showParticleSystems":true},"in2DMode":false,"pivot":{"x":-83.64715576171875,"y":-20.124004364013673,"z":22.619260787963868},"rotation":{"x":-0.08505009114742279,"y":0.6142484545707703,"z":-0.0677565261721611,"w":-0.7822609543800354},"size":99.1466293334961,"orthographic":false}