{"cameraMode":{"drawMode":0,"name":"Shaded","section":"Shading Mode"},"sceneLighting":false,"audioPlay":false,"sceneViewState":{"showFog":true,"showMaterialUpdate":false,"showSkybox":true,"showFlares":true,"showImageEffects":true,"showParticleSystems":true},"in2DMode":false,"pivot":{"x":40.251182556152347,"y":26.07406234741211,"z":403.8878479003906},"rotation":{"x":-0.038987841457128528,"y":0.018835274502635003,"z":0.0007459015469066799,"w":0.9991651177406311},"size":472.5470275878906,"orthographic":false}