{"cameraMode":{"drawMode":0,"name":"Shaded","section":"Shading Mode"},"sceneLighting":false,"audioPlay":false,"sceneViewState":{"showFog":true,"showMaterialUpdate":false,"showSkybox":true,"showFlares":true,"showImageEffects":true,"showParticleSystems":true},"in2DMode":false,"pivot":{"x":-1.4306831359863282,"y":-1.9868956804275513,"z":3.3137035369873049},"rotation":{"x":0.15816842019557954,"y":-0.4327709376811981,"z":0.07740511745214462,"w":0.8842449188232422},"size":9.326656341552735,"orthographic":false}