{"cameraMode":{"drawMode":0,"name":"Shaded","section":"Shading Mode"},"sceneLighting":true,"audioPlay":false,"sceneViewState":{"showFog":false,"showMaterialUpdate":true,"showSkybox":false,"showFlares":true,"showImageEffects":true,"showParticleSystems":true},"in2DMode":false,"pivot":{"x":-8.507038116455079,"y":-3.630803108215332,"z":16.79979133605957},"rotation":{"x":0.18422456085681916,"y":-0.2862960696220398,"z":0.056200992316007617,"w":0.9386265277862549},"size":40.31443405151367,"orthographic":false}