{"cameraMode":{"drawMode":0,"name":"Shaded","section":"Shading Mode"},"sceneLighting":true,"audioPlay":false,"sceneViewState":{"showFog":false,"showMaterialUpdate":true,"showSkybox":false,"showFlares":true,"showImageEffects":true,"showParticleSystems":true},"in2DMode":false,"pivot":{"x":5.097714900970459,"y":-6.695289611816406,"z":16.16692352294922},"rotation":{"x":0.21686188876628877,"y":0.07843983918428421,"z":-0.017473958432674409,"w":0.9729313850402832},"size":27.89250946044922,"orthographic":false}